{
    "MAE": 0.030926811451366224,
    "RMSE": 0.07917577400861593,
    "R2": 0.24664802838600952,
    "MAPE": 24.221968863619125,
    "n_samples": 23275,
    "target_column": "aqi",
    "model_type": "XGBRegressor"
}