{
    "MAE": 0.02885506832706299,
    "RMSE": 0.07308202093971608,
    "R2": 0.26542892755220104,
    "MAPE": 19.7763682877793,
    "n_samples": 30644,
    "target_column": "aqi",
    "model_type": "XGBRegressor"
}