{
    "MAE": 0.028862112647078678,
    "RMSE": 0.07307333285164351,
    "R2": 0.265500407660452,
    "MAPE": 19.91328377336132,
    "n_samples": 30651,
    "target_column": "aqi",
    "model_type": "XGBRegressor"
}